<?xml version="1.0" encoding="UTF-8"?>
<template>
    <t t-extend="mail.thread.message">
        <t t-jquery=".oe_msg_icons" t-operation="append">
          <span class="download-all-attachment"/>
        </t>
    </t>
    <t t-name="HiddenInputFile">
        <div t-attf-class="oe_hidden_input_file #{fileupload_class or ''}" t-att-style="fileupload_style">
            <form class="oe_form_binary_form" t-att-target="fileupload_id"
                method="post" enctype="multipart/form-data" t-att-action="fileupload_action || '/web/binary/upload'">
                <input type="hidden" name="session_id" value="" t-if="widget.session.override_session"/>
                <input type="hidden" name="callback" t-att-value="fileupload_id"/>
                <t t-raw="0"/>
                <input type="file" class="oe_form_binary_file" multiple="" name="ufile" t-if="widget.widget!='image'"/>
                <input type="file" class="oe_form_binary_file" multiple="" name="ufile" accept="image/*" t-if="widget.widget=='image'"/>
            </form>
            <iframe t-att-id="fileupload_id" t-att-name="fileupload_id" style="display: none"/>
        </div>
    </t>
    <t t-name="download.all.attachment">
       <a t-if="widget.attachment_ids.length > 1" class="downloadall" id="downloadall" t-att-href="widget.attachment_ids[0].url+'&amp;downloadall=true'" title="Download All" target="_blank">
            <span class="fa fa-download"></span>
        </a> 
    </t>
</template>
